{
  "Enabled": true,
  "Drawn": true,
  "Keybind": "R",
  "DisplayName": "AutoCrystal",
  "Settings": "PLACE",
  "Place": true,
  "PlaceDelay": 4.0,
  "PlaceRange": 5.0,
  "1.13 Place": false,
  "FacePlaceHP": 8.0,
  "Break": true,
  "PacketBreak": true,
  "Predict": false,
  "PredictDelay": 0,
  "BreakDelay": 4.0,
  "BreakRange": 5.0,
  "BreakWallRange": 4.0,
  "Rotate": false,
  "AntiSuicide": true,
  "AutoSwitch": false,
  "IgnoreUseAmount": true,
  "UseAmount": 4,
  "FacePlaceSword": true,
  "TargetRange": 6.0,
  "MinDamage": 4.0,
  "BreakMaxSelf": 12.0,
  "BreakMinDmg": 1.5,
  "MinArmor": 24.0,
  "Swing": "None",
  "Render": true,
  "RenderDmg": true,
  "Box": true,
  "Outline": false,
  "Red": 123,
  "Green": 40,
  "Blue": 145,
  "Alpha": 255,
  "BoxAlpha": 100,
  "LineWidth": 1.0,
  "OL-Red": 0,
  "OL-Green": 0,
  "OL-Blue": 255,
  "OL-Alpha": 255
}