{
  "Enabled": true,
  "Drawn": false,
  "Keybind": "None",
  "DisplayName": "HoleESP",
  "RangeX": 10,
  "RangeY": 10,
  "Red": 188,
  "Green": 185,
  "Blue": 21,
  "Alpha": 255,
  "BoxAlpha": 125,
  "LineWidth": 1.0,
  "BedrockRed": 0,
  "BedrockGreen": 255,
  "BedrockBlue": 0,
  "BedrockAlpha": 255,
  "FutureRender": false,
  "InFov": true,
  "RenderOwn": true,
  "Box": true,
  "Outline": false,
  "OL-Red": 0,
  "OL-Green": 0,
  "OL-Blue": 255,
  "OL-Alpha": 255,
  "OL-BedrockRed": 0,
  "OL-BedrockGreen": 255,
  "OL-BedrockBlue": 0,
  "OL-BedrockAlpha": 255
}