{
  "Enabled": true,
  "Drawn": false,
  "Keybind": "None",
  "DisplayName": "HUD",
  "Gray": true,
  "RenderingUp": true,
  "Watermark": true,
  "ActiveModules": true,
  "Coords": true,
  "Direction": false,
  "Armor": true,
  "Totems": true,
  "Welcomer": false,
  "Speed": false,
  "Potions": false,
  "Ping": true,
  "TPS": true,
  "FPS": true,
  "LagNotifier": false,
  "BracketColor": "WHITE",
  "NameColor": "WHITE",
  "Bracket": "\u003c",
  "Bracket2": "\u003e",
  "ChatNotify": false,
  "AnimationHTime": 500,
  "AnimationVTime": 50,
  "Ordering": "ABC",
  "WatermarkPosY": 2,
  "Time": false,
  "LagTime": 1000
}